{"success": true, "data": {"id": 3, "name": "Fan Theory", "value": 150, "description": "When secrets are hidden, fans can up with the wonkiest theories.<br><pre>I:54:61\nI:33:74\nI:18:74\nI:74:44\nI:4:53\n\nI:14:45\nI:23:61\nI:63:63\nI:75:19\nI:13:56\n\nI:20:6\nI:56:6\nI:2:60\nI:12:45\nI:52:78\nI:1:7\n\nI:18:73\nI:19:16\nI:16:55\nI:75:65\nI:42:78\nI:12:85\n\nI:6:7\nI:53:38\nI:38:37\nI:60:50\nI:13:42\n</pre>", "category": "Steganography", "state": "visible", "max_attempts": 0, "type": "standard", "type_data": {"id": "standard", "name": "standard", "templates": {"create": "/plugins/challenges/assets/create.html", "update": "/plugins/challenges/assets/update.html", "view": "/plugins/challenges/assets/view.html"}, "scripts": {"create": "/plugins/challenges/assets/create.js", "update": "/plugins/challenges/assets/update.js", "view": "/plugins/challenges/assets/view.js"}}, "solves": 0, "attempts": 0, "files": ["/files/b7bcbcaec5caef0faa4647e971026ed3/theory.txt?token=eyJ1c2VyX2lkIjo2NzEsInRlYW1faWQiOm51bGwsImZpbGVfaWQiOjExM30.XyHU6w.rv61UZkw4__w08XnBBljf4_v0zg"], "tags": [], "hints": [], "view": "<div class=\"modal-dialog\" role=\"document\">\n\t<div class=\"modal-content\">\n\t\t<div class=\"modal-body\">\n\t\t\t<button type=\"button\" class=\"close\" data-dismiss=\"modal\" aria-label=\"Close\">\n\t\t\t\t<span aria-hidden=\"true\">&times;</span>\n\t\t\t</button>\n\t\t\t<ul class=\"nav nav-tabs\">\n\t\t\t\t<li class=\"nav-item\">\n\t\t\t\t\t<a class=\"nav-link active\" href=\"#challenge\">Challenge</a>\n\t\t\t\t</li>\n\t\t\t\t\n\t\t\t\t\t<li class=\"nav-item\">\n\t\t\t\t\t\t<a class=\"nav-link challenge-solves\" href=\"#solves\">\n\t\t\t\t\t\t\t\n\t\t\t\t\t\t\t\t0 Solves\n\t\t\t\t\t\t\t\n\t\t\t\t\t\t</a>\n\t\t\t\t\t</li>\n\t\t\t\t\n\t\t\t</ul>\n\t\t\t<div role=\"tabpanel\">\n\t\t\t\t<div class=\"tab-content\">\n\t\t\t\t\t<div role=\"tabpanel\" class=\"tab-pane fade show active\" id=\"challenge\">\n\t\t\t\t\t\t<h2 class='challenge-name text-center pt-3'>\n\t\t\t\t\t\t\tFan Theory\n\t\t\t\t\t\t</h2>\n\t\t\t\t\t\t<h3 class=\"challenge-value text-center\">\n\t\t\t\t\t\t\t150\n\t\t\t\t\t\t</h3>\n\n\t\t\t\t\t\t<div class=\"challenge-tags text-center\">\n\t\t\t\t\t\t\t\n\t\t\t\t\t\t\t\t\n\t\t\t\t\t\t\t\n\t\t\t\t\t\t</div>\n\n\t\t\t\t\t\t<span class=\"challenge-desc\">\n    <p>When secrets are hidden, fans can up with the wonkiest theories.<br><pre>I:54:61\nI:33:74\nI:18:74\nI:74:44\nI:4:53</p>\n<p>I:14:45\nI:23:61\nI:63:63\nI:75:19\nI:13:56</p>\n<p>I:20:6\nI:56:6\nI:2:60\nI:12:45\nI:52:78\nI:1:7</p>\n<p>I:18:73\nI:19:16\nI:16:55\nI:75:65\nI:42:78\nI:12:85</p>\n<p>I:6:7\nI:53:38\nI:38:37\nI:60:50\nI:13:42\n</pre></p>\n\n</span>\n\n\t\t\t\t\t\t<div class=\"challenge-hints hint-row row\">\n\t\t\t\t\t\t\t\n\t\t\t\t\t\t</div>\n\n\t\t\t\t\t\t<div class=\"row challenge-files text-center pb-3\">\n\t\t\t\t\t\t\t\n\t\t\t\t\t\t\t\t<div class='col-md-4 col-sm-4 col-xs-12 file-button-wrapper d-block'>\n\t\t\t\t\t\t\t\t\t<a class='btn btn-info btn-file mb-1 d-inline-block px-2 w-100 text-truncate'\n\t\t\t\t\t\t\t\t\t   href='/files/b7bcbcaec5caef0faa4647e971026ed3/theory.txt?token=eyJ1c2VyX2lkIjo2NzEsInRlYW1faWQiOm51bGwsImZpbGVfaWQiOjExM30.XyHU6w.rv61UZkw4__w08XnBBljf4_v0zg'>\n\t\t\t\t\t\t\t\t\t\t<i class=\"fas fa-download\"></i>\n\t\t\t\t\t\t\t\t\t\t<small>\n\t\t\t\t\t\t\t\t\t\t\t\n\t\t\t\t\t\t\t\t\t\t\t\n\t\t\t\t\t\t\t\t\t\t\t\n\t\t\t\t\t\t\t\t\t\t\t\n\t\t\t\t\t\t\t\t\t\t\t\ttheory.txt\n\t\t\t\t\t\t\t\t\t\t\t\n\t\t\t\t\t\t\t\t\t\t</small>\n\t\t\t\t\t\t\t\t\t</a>\n\t\t\t\t\t\t\t\t</div>\n\t\t\t\t\t\t\t\n\t\t\t\t\t\t</div>\n\n\t\t\t\t\t\t\n\n\t\t\t\t\t\t<div class=\"row submit-row\">\n\t\t\t\t\t\t\t<div class=\"col-md-9 form-group\">\n\t\t\t\t\t\t\t\t\n    <input id=\"challenge-id\" class=\"challenge-id\" type=\"hidden\" value=\"3\">\n    <input id=\"challenge-input\" class=\"challenge-input\" type=\"text\" name=\"answer\" placeholder=\"Flag\"/>\n\n\t\t\t\t\t\t\t</div>\n\t\t\t\t\t\t\t<div class=\"col-md-3 form-group key-submit\">\n\t\t\t\t\t\t\t\t\n    <button id=\"challenge-submit\" class=\"challenge-submit\" type=\"submit\">\n        Submit\n    </button>\n\n\t\t\t\t\t\t\t</div>\n\t\t\t\t\t\t</div>\n\n\t\t\t\t\t\t<div class=\"row notification-row\">\n\t\t\t\t\t\t\t<div class=\"col-md-12\">\n\t\t\t\t\t\t\t\t<div id=\"result-notification\" class=\"alert alert-dismissable text-center w-100\"\n\t\t\t\t\t\t\t\t\t role=\"alert\" style=\"display: none;\">\n\t\t\t\t\t\t\t\t\t<strong id=\"result-message\"></strong>\n\t\t\t\t\t\t\t\t</div>\n\t\t\t\t\t\t\t</div>\n\t\t\t\t\t\t</div>\n\t\t\t\t\t</div>\n\n\t\t\t\t\t<div role=\"tabpanel\" class=\"tab-pane fade\" id=\"solves\">\n\t\t\t\t\t\t<div class=\"row\">\n\t\t\t\t\t\t\t<div class=\"col-md-12\">\n\t\t\t\t\t\t\t\t<table class=\"table table-striped text-center\">\n\t\t\t\t\t\t\t\t\t<thead>\n\t\t\t\t\t\t\t\t\t<tr>\n\t\t\t\t\t\t\t\t\t\t<td><b>Name</b>\n\t\t\t\t\t\t\t\t\t\t</td>\n\t\t\t\t\t\t\t\t\t\t<td><b>Date</b>\n\t\t\t\t\t\t\t\t\t\t</td>\n\t\t\t\t\t\t\t\t\t</tr>\n\t\t\t\t\t\t\t\t\t</thead>\n\t\t\t\t\t\t\t\t\t<tbody id=\"challenge-solves-names\">\n\t\t\t\t\t\t\t\t\t</tbody>\n\t\t\t\t\t\t\t\t</table>\n\t\t\t\t\t\t\t</div>\n\t\t\t\t\t\t</div>\n\t\t\t\t\t</div>\n\t\t\t\t</div>\n\t\t\t</div>\n\t\t</div>\n\t</div>\n</div>"}}
