{
    "success": true,
    "data": [
      {
        "id": 4,
        "type": "standard",
        "name": "Read The Rules",
        "value": 5,
        "category": "Warmups",
        "tags": [],
        "template": "/plugins/challenges/assets/view.html",
        "script": "/plugins/challenges/assets/view.js"
      },
      {
        "id": 70,
        "type": "standard",
        "name": "Domo Arigato",
        "value": 5,
        "category": "Scavenger Hunt",
        "tags": [],
        "template": "/plugins/challenges/assets/view.html",
        "script": "/plugins/challenges/assets/view.js"
      },
      {
        "id": 72,
        "type": "standard",
        "name": "Carmen Sandiego Visits H1",
        "value": 5,
        "category": "Scavenger Hunt",
        "tags": [],
        "template": "/plugins/challenges/assets/view.html",
        "script": "/plugins/challenges/assets/view.js"
      },
      {
        "id": 73,
        "type": "standard",
        "name": "The Founding Fathers",
        "value": 5,
        "category": "Scavenger Hunt",
        "tags": [],
        "template": "/plugins/challenges/assets/view.html",
        "script": "/plugins/challenges/assets/view.js"
      },
      {
        "id": 74,
        "type": "standard",
        "name": "Flagsabound",
        "value": 5,
        "category": "Scavenger Hunt",
        "tags": [],
        "template": "/plugins/challenges/assets/view.html",
        "script": "/plugins/challenges/assets/view.js"
      },
      {
        "id": 75,
        "type": "standard",
        "name": "Recanted Tales From The Bay to London",
        "value": 5,
        "category": "Scavenger Hunt",
        "tags": [],
        "template": "/plugins/challenges/assets/view.html",
        "script": "/plugins/challenges/assets/view.js"
      },
      {
        "id": 76,
        "type": "standard",
        "name": "Million Dollar Jar of Mayo",
        "value": 5,
        "category": "Scavenger Hunt",
        "tags": [],
        "template": "/plugins/challenges/assets/view.html",
        "script": "/plugins/challenges/assets/view.js"
      },
      {
        "id": 78,
        "type": "standard",
        "name": "Like & Subscribe",
        "value": 5,
        "category": "Scavenger Hunt",
        "tags": [],
        "template": "/plugins/challenges/assets/view.html",
        "script": "/plugins/challenges/assets/view.js"
      },
      {
        "id": 79,
        "type": "standard",
        "name": "One of us",
        "value": 5,
        "category": "Scavenger Hunt",
        "tags": [],
        "template": "/plugins/challenges/assets/view.html",
        "script": "/plugins/challenges/assets/view.js"
      },
      {
        "id": 80,
        "type": "standard",
        "name": "The Finn'ishing Move",
        "value": 5,
        "category": "Scavenger Hunt",
        "tags": [],
        "template": "/plugins/challenges/assets/view.html",
        "script": "/plugins/challenges/assets/view.js"
      },
      {
        "id": 82,
        "type": "standard",
        "name": "The Streamer",
        "value": 5,
        "category": "Scavenger Hunt",
        "tags": [],
        "template": "/plugins/challenges/assets/view.html",
        "script": "/plugins/challenges/assets/view.js"
      },
      {
        "id": 83,
        "type": "standard",
        "name": "The Chosen One",
        "value": 5,
        "category": "Scavenger Hunt",
        "tags": [],
        "template": "/plugins/challenges/assets/view.html",
        "script": "/plugins/challenges/assets/view.js"
      },
      {
        "id": 84,
        "type": "standard",
        "name": "Flag Not Found",
        "value": 5,
        "category": "Scavenger Hunt",
        "tags": [],
        "template": "/plugins/challenges/assets/view.html",
        "script": "/plugins/challenges/assets/view.js"
      },
      {
        "id": 85,
        "type": "standard",
        "name": "Hacker101 Discord",
        "value": 5,
        "category": "Scavenger Hunt",
        "tags": [],
        "template": "/plugins/challenges/assets/view.html",
        "script": "/plugins/challenges/assets/view.js"
      },
      {
        "id": 86,
        "type": "standard",
        "name": "Send me a flag and I'll double it",
        "value": 5,
        "category": "Scavenger Hunt",
        "tags": [],
        "template": "/plugins/challenges/assets/view.html",
        "script": "/plugins/challenges/assets/view.js"
      },
      {
        "id": 88,
        "type": "standard",
        "name": "The Social Media Influencer",
        "value": 5,
        "category": "Scavenger Hunt",
        "tags": [],
        "template": "/plugins/challenges/assets/view.html",
        "script": "/plugins/challenges/assets/view.js"
      },
      {
        "id": 89,
        "type": "standard",
        "name": "Hawaii Five-0",
        "value": 5,
        "category": "Scavenger Hunt",
        "tags": [],
        "template": "/plugins/challenges/assets/view.html",
        "script": "/plugins/challenges/assets/view.js"
      },
      {
        "id": 90,
        "type": "standard",
        "name": "Security Report Powered by Hackers",
        "value": 5,
        "category": "Scavenger Hunt",
        "tags": [],
        "template": "/plugins/challenges/assets/view.html",
        "script": "/plugins/challenges/assets/view.js"
      },
      {
        "id": 91,
        "type": "standard",
        "name": "Ride Share Disclosures",
        "value": 5,
        "category": "Scavenger Hunt",
        "tags": [],
        "template": "/plugins/challenges/assets/view.html",
        "script": "/plugins/challenges/assets/view.js"
      },
      {
        "id": 92,
        "type": "standard",
        "name": "Capture the Changelog",
        "value": 5,
        "category": "Scavenger Hunt",
        "tags": [],
        "template": "/plugins/challenges/assets/view.html",
        "script": "/plugins/challenges/assets/view.js"
      },
      {
        "id": 93,
        "type": "standard",
        "name": "<a href=\"in\">",
        "value": 5,
        "category": "Scavenger Hunt",
        "tags": [],
        "template": "/plugins/challenges/assets/view.html",
        "script": "/plugins/challenges/assets/view.js"
      },
      {
        "id": 94,
        "type": "standard",
        "name": "Lights, Camera, Hacking!",
        "value": 5,
        "category": "Scavenger Hunt",
        "tags": [],
        "template": "/plugins/challenges/assets/view.html",
        "script": "/plugins/challenges/assets/view.js"
      },
      {
        "id": 95,
        "type": "standard",
        "name": "NYC2017MVH",
        "value": 5,
        "category": "Scavenger Hunt",
        "tags": [],
        "template": "/plugins/challenges/assets/view.html",
        "script": "/plugins/challenges/assets/view.js"
      },
      {
        "id": 96,
        "type": "standard",
        "name": "Find Me Treasure.xml",
        "value": 5,
        "category": "Scavenger Hunt",
        "tags": [],
        "template": "/plugins/challenges/assets/view.html",
        "script": "/plugins/challenges/assets/view.js"
      },
      {
        "id": 97,
        "type": "standard",
        "name": "_config.yml#35",
        "value": 5,
        "category": "Scavenger Hunt",
        "tags": [],
        "template": "/plugins/challenges/assets/view.html",
        "script": "/plugins/challenges/assets/view.js"
      },
      {
        "id": 98,
        "type": "standard",
        "name": "Pentesters Unite",
        "value": 5,
        "category": "Scavenger Hunt",
        "tags": [],
        "template": "/plugins/challenges/assets/view.html",
        "script": "/plugins/challenges/assets/view.js"
      },
      {
        "id": 99,
        "type": "standard",
        "name": "The Hacker101",
        "value": 5,
        "category": "Scavenger Hunt",
        "tags": [],
        "template": "/plugins/challenges/assets/view.html",
        "script": "/plugins/challenges/assets/view.js"
      },
      {
        "id": 100,
        "type": "standard",
        "name": "Security@",
        "value": 5,
        "category": "Scavenger Hunt",
        "tags": [],
        "template": "/plugins/challenges/assets/view.html",
        "script": "/plugins/challenges/assets/view.js"
      },
      {
        "id": 44,
        "type": "standard",
        "name": "CaesarMirror",
        "value": 20,
        "category": "Warmups",
        "tags": [],
        "template": "/plugins/challenges/assets/view.html",
        "script": "/plugins/challenges/assets/view.js"
      },
      {
        "id": 11,
        "type": "standard",
        "name": "Common Place",
        "value": 30,
        "category": "Warmups",
        "tags": [],
        "template": "/plugins/challenges/assets/view.html",
        "script": "/plugins/challenges/assets/view.js"
      },
      {
        "id": 12,
        "type": "standard",
        "name": "InternetCattos",
        "value": 30,
        "category": "Warmups",
        "tags": [],
        "template": "/plugins/challenges/assets/view.html",
        "script": "/plugins/challenges/assets/view.js"
      },
      {
        "id": 22,
        "type": "standard",
        "name": "Hexgedit",
        "value": 30,
        "category": "Warmups",
        "tags": [],
        "template": "/plugins/challenges/assets/view.html",
        "script": "/plugins/challenges/assets/view.js"
      },
      {
        "id": 50,
        "type": "standard",
        "name": "Private Investigator",
        "value": 30,
        "category": "Warmups",
        "tags": [],
        "template": "/plugins/challenges/assets/view.html",
        "script": "/plugins/challenges/assets/view.js"
      },
      {
        "id": 27,
        "type": "standard",
        "name": "Vencryption",
        "value": 40,
        "category": "Warmups",
        "tags": [],
        "template": "/plugins/challenges/assets/view.html",
        "script": "/plugins/challenges/assets/view.js"
      },
      {
        "id": 1,
        "type": "standard",
        "name": "Spy vs. Spy",
        "value": 50,
        "category": "Steganography",
        "tags": [],
        "template": "/plugins/challenges/assets/view.html",
        "script": "/plugins/challenges/assets/view.js"
      },
      {
        "id": 18,
        "type": "standard",
        "name": "Mobile One",
        "value": 50,
        "category": "Mobile",
        "tags": [],
        "template": "/plugins/challenges/assets/view.html",
        "script": "/plugins/challenges/assets/view.js"
      },
      {
        "id": 21,
        "type": "standard",
        "name": "Whale Watching",
        "value": 50,
        "category": "OSINT",
        "tags": [],
        "template": "/plugins/challenges/assets/view.html",
        "script": "/plugins/challenges/assets/view.js"
      },
      {
        "id": 31,
        "type": "standard",
        "name": "Cold War",
        "value": 50,
        "category": "Steganography",
        "tags": [],
        "template": "/plugins/challenges/assets/view.html",
        "script": "/plugins/challenges/assets/view.js"
      },
      {
        "id": 35,
        "type": "standard",
        "name": "Spaghetti",
        "value": 50,
        "category": "Warmups",
        "tags": [],
        "template": "/plugins/challenges/assets/view.html",
        "script": "/plugins/challenges/assets/view.js"
      },
      {
        "id": 38,
        "type": "standard",
        "name": "World Hotspots",
        "value": 50,
        "category": "OSINT",
        "tags": [],
        "template": "/plugins/challenges/assets/view.html",
        "script": "/plugins/challenges/assets/view.js"
      },
      {
        "id": 43,
        "type": "standard",
        "name": "Chess Cheater",
        "value": 50,
        "category": "Steganography",
        "tags": [],
        "template": "/plugins/challenges/assets/view.html",
        "script": "/plugins/challenges/assets/view.js"
      },
      {
        "id": 54,
        "type": "standard",
        "name": "Busted",
        "value": 50,
        "category": "Steganography",
        "tags": [],
        "template": "/plugins/challenges/assets/view.html",
        "script": "/plugins/challenges/assets/view.js"
      },
      {
        "id": 17,
        "type": "standard",
        "name": "Opposable Thumbs",
        "value": 75,
        "category": "Forensics",
        "tags": [],
        "template": "/plugins/challenges/assets/view.html",
        "script": "/plugins/challenges/assets/view.js"
      },
      {
        "id": 53,
        "type": "standard",
        "name": "Pancakes",
        "value": 75,
        "category": "Binary Exploitation",
        "tags": [],
        "template": "/plugins/challenges/assets/view.html",
        "script": "/plugins/challenges/assets/view.js"
      },
      {
        "id": 2,
        "type": "standard",
        "name": "Bizarro",
        "value": 100,
        "category": "Forensics",
        "tags": [],
        "template": "/plugins/challenges/assets/view.html",
        "script": "/plugins/challenges/assets/view.js"
      },
      {
        "id": 9,
        "type": "standard",
        "name": "Almost",
        "value": 100,
        "category": "Binary Exploitation",
        "tags": [],
        "template": "/plugins/challenges/assets/view.html",
        "script": "/plugins/challenges/assets/view.js"
      },
      {
        "id": 10,
        "type": "standard",
        "name": "Pseudo",
        "value": 100,
        "category": "Miscellaneous",
        "tags": [],
        "template": "/plugins/challenges/assets/view.html",
        "script": "/plugins/challenges/assets/view.js"
      },
      {
        "id": 13,
        "type": "standard",
        "name": "Tyrannosaurus Rex",
        "value": 100,
        "category": "Cryptography",
        "tags": [],
        "template": "/plugins/challenges/assets/view.html",
        "script": "/plugins/challenges/assets/view.js"
      },
      {
        "id": 16,
        "type": "standard",
        "name": "Ladybug",
        "value": 100,
        "category": "Web",
        "tags": [],
        "template": "/plugins/challenges/assets/view.html",
        "script": "/plugins/challenges/assets/view.js"
      },
      {
        "id": 24,
        "type": "standard",
        "name": "Statics and Dynamics",
        "value": 100,
        "category": "Binary Exploitation",
        "tags": [],
        "template": "/plugins/challenges/assets/view.html",
        "script": "/plugins/challenges/assets/view.js"
      },
      {
        "id": 25,
        "type": "standard",
        "name": "Perfect XOR",
        "value": 100,
        "category": "Cryptography",
        "tags": [],
        "template": "/plugins/challenges/assets/view.html",
        "script": "/plugins/challenges/assets/view.js"
      },
      {
        "id": 26,
        "type": "standard",
        "name": "Incredibly Covert Malware Procedures",
        "value": 100,
        "category": "Forensics",
        "tags": [],
        "template": "/plugins/challenges/assets/view.html",
        "script": "/plugins/challenges/assets/view.js"
      },
      {
        "id": 36,
        "type": "standard",
        "name": "Bite",
        "value": 100,
        "category": "Web",
        "tags": [],
        "template": "/plugins/challenges/assets/view.html",
        "script": "/plugins/challenges/assets/view.js"
      },
      {
        "id": 42,
        "type": "standard",
        "name": "Contracted",
        "value": 100,
        "category": "Steganography",
        "tags": [],
        "template": "/plugins/challenges/assets/view.html",
        "script": "/plugins/challenges/assets/view.js"
      },
      {
        "id": 49,
        "type": "standard",
        "name": "Pinocchio",
        "value": 100,
        "category": "Mobile",
        "tags": [],
        "template": "/plugins/challenges/assets/view.html",
        "script": "/plugins/challenges/assets/view.js"
      },
      {
        "id": 51,
        "type": "standard",
        "name": "Cat Cage",
        "value": 100,
        "category": "Miscellaneous",
        "tags": [],
        "template": "/plugins/challenges/assets/view.html",
        "script": "/plugins/challenges/assets/view.js"
      },
      {
        "id": 67,
        "type": "standard",
        "name": "IoT Itch",
        "value": 100,
        "category": "Internet of Things",
        "tags": [],
        "template": "/plugins/challenges/assets/view.html",
        "script": "/plugins/challenges/assets/view.js"
      },
      {
        "id": 6,
        "type": "standard",
        "name": "Misdirection",
        "value": 125,
        "category": "Scripting",
        "tags": [],
        "template": "/plugins/challenges/assets/view.html",
        "script": "/plugins/challenges/assets/view.js"
      },
      {
        "id": 19,
        "type": "standard",
        "name": "Zipper",
        "value": 125,
        "category": "Forensics",
        "tags": [],
        "template": "/plugins/challenges/assets/view.html",
        "script": "/plugins/challenges/assets/view.js"
      },
      {
        "id": 30,
        "type": "standard",
        "name": "Prophecy",
        "value": 125,
        "category": "Scripting",
        "tags": [],
        "template": "/plugins/challenges/assets/view.html",
        "script": "/plugins/challenges/assets/view.js"
      },
      {
        "id": 57,
        "type": "standard",
        "name": "Visualism",
        "value": 125,
        "category": "Miscellaneous",
        "tags": [],
        "template": "/plugins/challenges/assets/view.html",
        "script": "/plugins/challenges/assets/view.js"
      },
      {
        "id": 3,
        "type": "standard",
        "name": "Fan Theory",
        "value": 150,
        "category": "Steganography",
        "tags": [],
        "template": "/plugins/challenges/assets/view.html",
        "script": "/plugins/challenges/assets/view.js"
      },
      {
        "id": 7,
        "type": "standard",
        "name": "Discordsay",
        "value": 150,
        "category": "Miscellaneous",
        "tags": [],
        "template": "/plugins/challenges/assets/view.html",
        "script": "/plugins/challenges/assets/view.js"
      },
      {
        "id": 20,
        "type": "standard",
        "name": "His Story",
        "value": 150,
        "category": "Miscellaneous",
        "tags": [],
        "template": "/plugins/challenges/assets/view.html",
        "script": "/plugins/challenges/assets/view.js"
      },
      {
        "id": 23,
        "type": "standard",
        "name": "Tootsie Pop",
        "value": 150,
        "category": "Scripting",
        "tags": [],
        "template": "/plugins/challenges/assets/view.html",
        "script": "/plugins/challenges/assets/view.js"
      },
      {
        "id": 37,
        "type": "standard",
        "name": "Unsubscribe",
        "value": 150,
        "category": "Steganography",
        "tags": [],
        "template": "/plugins/challenges/assets/view.html",
        "script": "/plugins/challenges/assets/view.js"
      },
      {
        "id": 39,
        "type": "standard",
        "name": "Hashbrown Casserole",
        "value": 150,
        "category": "Scripting",
        "tags": [],
        "template": "/plugins/challenges/assets/view.html",
        "script": "/plugins/challenges/assets/view.js"
      },
      {
        "id": 40,
        "type": "standard",
        "name": "Bon Appetit",
        "value": 150,
        "category": "Cryptography",
        "tags": [],
        "template": "/plugins/challenges/assets/view.html",
        "script": "/plugins/challenges/assets/view.js"
      },
      {
        "id": 45,
        "type": "standard",
        "name": "Impartial",
        "value": 150,
        "category": "Scripting",
        "tags": [],
        "template": "/plugins/challenges/assets/view.html",
        "script": "/plugins/challenges/assets/view.js"
      },
      {
        "id": 48,
        "type": "standard",
        "name": "Waffle Land",
        "value": 150,
        "category": "Web",
        "tags": [],
        "template": "/plugins/challenges/assets/view.html",
        "script": "/plugins/challenges/assets/view.js"
      },
      {
        "id": 56,
        "type": "standard",
        "name": "Lightweight Contact Book",
        "value": 150,
        "category": "Web",
        "tags": [],
        "template": "/plugins/challenges/assets/view.html",
        "script": "/plugins/challenges/assets/view.js"
      },
      {
        "id": 59,
        "type": "standard",
        "name": "Template Shack",
        "value": 150,
        "category": "Web",
        "tags": [],
        "template": "/plugins/challenges/assets/view.html",
        "script": "/plugins/challenges/assets/view.js"
      },
      {
        "id": 65,
        "type": "standard",
        "name": "Bullseye",
        "value": 150,
        "category": "Binary Exploitation",
        "tags": [],
        "template": "/plugins/challenges/assets/view.html",
        "script": "/plugins/challenges/assets/view.js"
      },
      {
        "id": 69,
        "type": "standard",
        "name": "Pretty Happy Web Processor",
        "value": 150,
        "category": "Internet of Things",
        "tags": [],
        "template": "/plugins/challenges/assets/view.html",
        "script": "/plugins/challenges/assets/view.js"
      },
      {
        "id": 8,
        "type": "standard",
        "name": "Dumpster Diving",
        "value": 175,
        "category": "Miscellaneous",
        "tags": [],
        "template": "/plugins/challenges/assets/view.html",
        "script": "/plugins/challenges/assets/view.js"
      },
      {
        "id": 32,
        "type": "standard",
        "name": "Rescue Mission",
        "value": 175,
        "category": "Scripting",
        "tags": [],
        "template": "/plugins/challenges/assets/view.html",
        "script": "/plugins/challenges/assets/view.js"
      },
      {
        "id": 47,
        "type": "standard",
        "name": "A E S T H E T I C",
        "value": 175,
        "category": "Cryptography",
        "tags": [],
        "template": "/plugins/challenges/assets/view.html",
        "script": "/plugins/challenges/assets/view.js"
      },
      {
        "id": 55,
        "type": "standard",
        "name": "Substitute Face",
        "value": 200,
        "category": "Steganography",
        "tags": [],
        "template": "/plugins/challenges/assets/view.html",
        "script": "/plugins/challenges/assets/view.js"
      },
      {
        "id": 62,
        "type": "standard",
        "name": "Bacon",
        "value": 200,
        "category": "Binary Exploitation",
        "tags": [],
        "template": "/plugins/challenges/assets/view.html",
        "script": "/plugins/challenges/assets/view.js"
      },
      {
        "id": 68,
        "type": "standard",
        "name": "YABO MIPS",
        "value": 200,
        "category": "Internet of Things",
        "tags": [],
        "template": "/plugins/challenges/assets/view.html",
        "script": "/plugins/challenges/assets/view.js"
      },
      {
        "id": 58,
        "type": "standard",
        "name": "I Once Was Blind",
        "value": 250,
        "category": "Web",
        "tags": [],
        "template": "/plugins/challenges/assets/view.html",
        "script": "/plugins/challenges/assets/view.js"
      },
      {
        "id": 15,
        "type": "standard",
        "name": "Just Not Interesting",
        "value": 300,
        "category": "Mobile",
        "tags": [],
        "template": "/plugins/challenges/assets/view.html",
        "script": "/plugins/challenges/assets/view.js"
      },
      {
        "id": 33,
        "type": "standard",
        "name": "Special Order",
        "value": 300,
        "category": "Web",
        "tags": [],
        "template": "/plugins/challenges/assets/view.html",
        "script": "/plugins/challenges/assets/view.js"
      },
      {
        "id": 81,
        "type": "standard",
        "name": "Shoebox",
        "value": 350,
        "category": "Cryptography",
        "tags": [],
        "template": "/plugins/challenges/assets/view.html",
        "script": "/plugins/challenges/assets/view.js"
      },
      {
        "id": 61,
        "type": "standard",
        "name": "Pizza Time",
        "value": 750,
        "category": "Web",
        "tags": [],
        "template": "/plugins/challenges/assets/view.html",
        "script": "/plugins/challenges/assets/view.js"
      }
    ]
  }